{
    "metrics": {
        "checks": {
            "fails": 0,
            "passes": 66707,
            "value": 1
        },
        "data_received": {
            "count": 8631552265,
            "rate": 31965451.89838689
        },
        "data_sent": {
            "count": 5652715,
            "rate": 20933.84641375279
        },
        "event_latency_ms": {
            "avg": 3901.2603010123257,
            "max": 49126.973732,
            "med": 672.477156,
            "min": 2.189321,
            "p(90)": 11814.339046000001,
            "p(95)": 27432.16010969997
        },
        "http_req_blocked": {
            "avg": 8.415949343352263,
            "max": 3116.41295,
            "med": 0.00728,
            "min": 0.00208,
            "p(90)": 0.07268800000000003,
            "p(95)": 0.44586969999999965
        },
        "http_req_connecting": {
            "avg": 7.805408358942839,
            "max": 3116.258488,
            "med": 0,
            "min": 0,
            "p(90)": 0,
            "p(95)": 0.20103319999999997
        },
        "http_req_duration": {
            "avg": 3901.2603010123257,
            "max": 49126.973732,
            "med": 672.477156,
            "min": 2.189321,
            "p(90)": 11814.339046000001,
            "p(95)": 27432.16010969997,
            "thresholds": {
                "p(50)<400": true,
                "p(95)<800": true,
                "p(99)<1000": true
            }
        },
        "http_req_duration{expected_response:true}": {
            "avg": 3901.2603010123257,
            "max": 49126.973732,
            "med": 672.477156,
            "min": 2.189321,
            "p(90)": 11814.339046000001,
            "p(95)": 27432.16010969997
        },
        "http_req_failed": {
            "fails": 66707,
            "passes": 0,
            "thresholds": {
                "rate<0.01": false
            },
            "value": 0
        },
        "http_req_receiving": {
            "avg": 6.749261200128909,
            "max": 315.101042,
            "med": 0.186249,
            "min": 0.047976,
            "p(90)": 2.1326876,
            "p(95)": 6.267193499999983
        },
        "http_req_sending": {
            "avg": 140.82620822382927,
            "max": 17485.365138,
            "med": 0.020874,
            "min": 0.006034,
            "p(90)": 0.06579660000000002,
            "p(95)": 0.1872598999999999
        },
        "http_req_tls_handshaking": {
            "avg": 0,
            "max": 0,
            "med": 0,
            "min": 0,
            "p(90)": 0,
            "p(95)": 0
        },
        "http_req_waiting": {
            "avg": 3753.6848315883767,
            "max": 41240.795164,
            "med": 659.809411,
            "min": 2.010296,
            "p(90)": 10998.554555400011,
            "p(95)": 27329.8694415
        },
        "http_reqs": {
            "count": 66707,
            "rate": 247.0377672892066
        },
        "iteration_duration": {
            "avg": 4891.160917442077,
            "max": 50127.405856,
            "med": 1671.8105025,
            "min": 1002.552082,
            "p(90)": 12783.746718600001,
            "p(95)": 28356.708700249997
        },
        "iterations": {
            "count": 66652,
            "rate": 246.83408435936556
        },
        "success_rate": {
            "fails": 0,
            "passes": 66707,
            "thresholds": {
                "rate>0.99": false
            },
            "value": 1
        },
        "vus": {
            "max": 4978,
            "min": 0,
            "value": 135
        },
        "vus_max": {
            "max": 5000,
            "min": 1905,
            "value": 5000
        }
    },
    "root_group": {
        "checks": {
            "200 OK": {
                "fails": 0,
                "id": "e9654c443eff553da9e69eda7007924e",
                "name": "200 OK",
                "passes": 66707,
                "path": "::200 OK"
            }
        },
        "groups": {},
        "id": "d41d8cd98f00b204e9800998ecf8427e",
        "name": "",
        "path": ""
    }
}
