{
    "metrics": {
        "checks": {
            "fails": 1,
            "passes": 50907,
            "value": 0.9999803567219298
        },
        "data_received": {
            "count": 6587111265,
            "rate": 26984244.670259234
        },
        "data_sent": {
            "count": 4307866,
            "rate": 17647.26683278379
        },
        "event_latency_ms": {
            "avg": 2568.682040235108,
            "max": 60036.025415,
            "med": 376.58493599999997,
            "min": 2.013433,
            "p(90)": 8589.78966530001,
            "p(95)": 14291.273926249965
        },
        "http_req_blocked": {
            "avg": 0.25739175322149926,
            "max": 125.241384,
            "med": 0.007859,
            "min": 0.002602,
            "p(90)": 0.0158223,
            "p(95)": 0.30407559999999995
        },
        "http_req_connecting": {
            "avg": 0.05519703384536813,
            "max": 88.224098,
            "med": 0,
            "min": 0,
            "p(90)": 0,
            "p(95)": 0
        },
        "http_req_duration": {
            "avg": 2568.682040235108,
            "max": 60036.025415,
            "med": 376.58493599999997,
            "min": 2.013433,
            "p(90)": 8589.78966530001,
            "p(95)": 14291.273926249965,
            "thresholds": {
                "p(50)<400": false,
                "p(95)<800": true,
                "p(99)<1000": true
            }
        },
        "http_req_duration{expected_response:true}": {
            "avg": 2567.553171054548,
            "max": 45195.933906,
            "med": 376.570212,
            "min": 2.013433,
            "p(90)": 8587.425335600003,
            "p(95)": 14287.4223347
        },
        "http_req_failed": {
            "fails": 50907,
            "passes": 1,
            "thresholds": {
                "rate<0.01": false
            },
            "value": 0.000019643278070244363
        },
        "http_req_receiving": {
            "avg": 7.9967539708297295,
            "max": 286.8454,
            "med": 0.198907,
            "min": 0,
            "p(90)": 2.413533900000001,
            "p(95)": 7.716162649999931
        },
        "http_req_sending": {
            "avg": 139.10970097611448,
            "max": 44851.023801,
            "med": 0.022235,
            "min": 0.006899,
            "p(90)": 0.05568520000000001,
            "p(95)": 0.15146234999999977
        },
        "http_req_tls_handshaking": {
            "avg": 0,
            "max": 0,
            "med": 0,
            "min": 0,
            "p(90)": 0,
            "p(95)": 0
        },
        "http_req_waiting": {
            "avg": 2421.575585288167,
            "max": 60035.966209,
            "med": 359.8804185,
            "min": 1.882184,
            "p(90)": 7028.111132600001,
            "p(95)": 14150.87183134997
        },
        "http_reqs": {
            "count": 50908,
            "rate": 208.54573004902127
        },
        "iteration_duration": {
            "avg": 3571.3097360292586,
            "max": 61037.565053,
            "med": 1378.761792,
            "min": 1002.296627,
            "p(90)": 9591.329665700017,
            "p(95)": 15295.612000449986
        },
        "iterations": {
            "count": 50908,
            "rate": 208.54573004902127
        },
        "success_rate": {
            "fails": 1,
            "passes": 50907,
            "thresholds": {
                "rate>0.99": false
            },
            "value": 0.9999803567219298
        },
        "vus": {
            "max": 2496,
            "min": 0,
            "value": 83
        },
        "vus_max": {
            "max": 2500,
            "min": 1911,
            "value": 2500
        }
    },
    "root_group": {
        "checks": {
            "200 OK": {
                "fails": 1,
                "id": "e9654c443eff553da9e69eda7007924e",
                "name": "200 OK",
                "passes": 50907,
                "path": "::200 OK"
            }
        },
        "groups": {},
        "id": "d41d8cd98f00b204e9800998ecf8427e",
        "name": "",
        "path": ""
    }
}
