{
    "metrics": {
        "checks": {
            "fails": 14,
            "passes": 55771,
            "value": 0.9997490364793403
        },
        "data_received": {
            "count": 7216493039,
            "rate": 29130314.34725023
        },
        "data_sent": {
            "count": 4706017,
            "rate": 18996.450740358498
        },
        "event_latency_ms": {
            "avg": 2298.0089131239283,
            "max": 51082.252163,
            "med": 219.988864,
            "min": 2.006767,
            "p(90)": 4857.344743799998,
            "p(95)": 10449.2600496
        },
        "http_req_blocked": {
            "avg": 0.10963272290042127,
            "max": 101.500924,
            "med": 0.007515,
            "min": 0.002287,
            "p(90)": 0.014176199999999998,
            "p(95)": 0.2665735999999999
        },
        "http_req_connecting": {
            "avg": 0.034747889414717244,
            "max": 99.731704,
            "med": 0,
            "min": 0,
            "p(90)": 0,
            "p(95)": 0
        },
        "http_req_duration": {
            "avg": 2298.0089131239283,
            "max": 51082.252163,
            "med": 219.988864,
            "min": 2.006767,
            "p(90)": 4857.344743799998,
            "p(95)": 10449.2600496,
            "thresholds": {
                "p(50)<400": false,
                "p(95)<800": true,
                "p(99)<1000": true
            }
        },
        "http_req_duration{expected_response:true}": {
            "avg": 2292.428498260338,
            "max": 51082.252163,
            "med": 219.635939,
            "min": 2.006767,
            "p(90)": 4843.920243,
            "p(95)": 10367.436804500001
        },
        "http_req_failed": {
            "fails": 55771,
            "passes": 14,
            "thresholds": {
                "rate<0.01": false
            },
            "value": 0.0002509635206596755
        },
        "http_req_receiving": {
            "avg": 7.298382525481729,
            "max": 283.433106,
            "med": 0.196199,
            "min": 0.050243,
            "p(90)": 1.745617399999999,
            "p(95)": 5.75989779999999
        },
        "http_req_sending": {
            "avg": 100.56297701380294,
            "max": 12418.367311,
            "med": 0.021915,
            "min": 0.006375,
            "p(90)": 0.051913799999999996,
            "p(95)": 0.11359019999999997
        },
        "http_req_tls_handshaking": {
            "avg": 0,
            "max": 0,
            "med": 0,
            "min": 0,
            "p(90)": 0,
            "p(95)": 0
        },
        "http_req_waiting": {
            "avg": 2190.1475535846494,
            "max": 45632.228065,
            "med": 203.438785,
            "min": 1.84253,
            "p(90)": 4384.7944572,
            "p(95)": 10274.908897
        },
        "http_reqs": {
            "count": 55785,
            "rate": 225.1834204064496
        },
        "iteration_duration": {
            "avg": 3300.2011220349787,
            "max": 52171.195262,
            "med": 1223.835543,
            "min": 1002.307027,
            "p(90)": 5857.921972799999,
            "p(95)": 11450.703532399999
        },
        "iterations": {
            "count": 55785,
            "rate": 225.1834204064496
        },
        "success_rate": {
            "fails": 14,
            "passes": 55771,
            "thresholds": {
                "rate>0.99": false
            },
            "value": 0.9997490364793403
        },
        "vus": {
            "max": 2487,
            "min": 10,
            "value": 46
        },
        "vus_max": {
            "max": 2500,
            "min": 2500,
            "value": 2500
        }
    },
    "root_group": {
        "checks": {
            "200 OK": {
                "fails": 14,
                "id": "e9654c443eff553da9e69eda7007924e",
                "name": "200 OK",
                "passes": 55771,
                "path": "::200 OK"
            }
        },
        "groups": {},
        "id": "d41d8cd98f00b204e9800998ecf8427e",
        "name": "",
        "path": ""
    }
}
