{
    "metrics": {
        "checks": {
            "fails": 223,
            "passes": 62445,
            "value": 0.9964415650730836
        },
        "data_received": {
            "count": 8080142358,
            "rate": 29911425.744064577
        },
        "data_sent": {
            "count": 5254149,
            "rate": 19450.039454583475
        },
        "event_latency_ms": {
            "avg": 2524.4189850620633,
            "max": 54304.785422,
            "med": 221.770304,
            "min": 1.996335,
            "p(90)": 6655.6605124000025,
            "p(95)": 14046.273538749998
        },
        "http_req_blocked": {
            "avg": 0.15505765925193155,
            "max": 667.538917,
            "med": 0.007504,
            "min": 0.002294,
            "p(90)": 0.012766,
            "p(95)": 0.15735644999999968
        },
        "http_req_connecting": {
            "avg": 0.043861268637901324,
            "max": 131.23358,
            "med": 0,
            "min": 0,
            "p(90)": 0,
            "p(95)": 0
        },
        "http_req_duration": {
            "avg": 2524.4189850620633,
            "max": 54304.785422,
            "med": 221.770304,
            "min": 1.996335,
            "p(90)": 6655.6605124000025,
            "p(95)": 14046.273538749998,
            "thresholds": {
                "p(50)<400": false,
                "p(95)<800": true,
                "p(99)<1000": true
            }
        },
        "http_req_duration{expected_response:true}": {
            "avg": 2473.19688729186,
            "max": 54304.785422,
            "med": 218.736014,
            "min": 1.996335,
            "p(90)": 6418.5571727999995,
            "p(95)": 13525.892141199998
        },
        "http_req_failed": {
            "fails": 62445,
            "passes": 223,
            "thresholds": {
                "rate<0.01": false
            },
            "value": 0.0035584349269164486
        },
        "http_req_receiving": {
            "avg": 6.59901405297761,
            "max": 1147.908549,
            "med": 0.190658,
            "min": 0.033046,
            "p(90)": 1.6411447000000006,
            "p(95)": 5.224508749999998
        },
        "http_req_sending": {
            "avg": 55.61672091751771,
            "max": 13730.688683,
            "med": 0.021392,
            "min": 0.006265,
            "p(90)": 0.04777930000000003,
            "p(95)": 0.11013724999999974
        },
        "http_req_tls_handshaking": {
            "avg": 0,
            "max": 0,
            "med": 0,
            "min": 0,
            "p(90)": 0,
            "p(95)": 0
        },
        "http_req_waiting": {
            "avg": 2462.2032500915584,
            "max": 49069.260832,
            "med": 209.7789775,
            "min": 1.836722,
            "p(90)": 6412.245405300002,
            "p(95)": 13791.124094499994
        },
        "http_reqs": {
            "count": 62668,
            "rate": 231.98715387398363
        },
        "iteration_duration": {
            "avg": 3532.387277964365,
            "max": 55305.128889,
            "med": 1241.382549,
            "min": 1002.296969,
            "p(90)": 7657.073576500001,
            "p(95)": 15053.018354949945
        },
        "iterations": {
            "count": 62668,
            "rate": 231.98715387398363
        },
        "success_rate": {
            "fails": 223,
            "passes": 62445,
            "thresholds": {
                "rate>0.99": false
            },
            "value": 0.9964415650730836
        },
        "vus": {
            "max": 2487,
            "min": 0,
            "value": 96
        },
        "vus_max": {
            "max": 2500,
            "min": 1054,
            "value": 2500
        }
    },
    "root_group": {
        "checks": {
            "200 OK": {
                "fails": 223,
                "id": "e9654c443eff553da9e69eda7007924e",
                "name": "200 OK",
                "passes": 62445,
                "path": "::200 OK"
            }
        },
        "groups": {},
        "id": "d41d8cd98f00b204e9800998ecf8427e",
        "name": "",
        "path": ""
    }
}
