{
    "metrics": {
        "checks": {
            "fails": 23,
            "passes": 61369,
            "value": 0.9996253583528798
        },
        "data_received": {
            "count": 7940841755,
            "rate": 29385797.28737951
        },
        "data_sent": {
            "count": 5194306,
            "rate": 19221.995334248935
        },
        "event_latency_ms": {
            "avg": 2113.3122489111456,
            "max": 60032.272259,
            "med": 197.2414675,
            "min": 1.971366,
            "p(90)": 4855.535826300002,
            "p(95)": 11763.63580719997
        },
        "http_req_blocked": {
            "avg": 0.09198694960255328,
            "max": 102.001234,
            "med": 0.007404,
            "min": 0.002397,
            "p(90)": 0.012601,
            "p(95)": 0.23317109999999944
        },
        "http_req_connecting": {
            "avg": 0.03627499939731559,
            "max": 101.914112,
            "med": 0,
            "min": 0,
            "p(90)": 0,
            "p(95)": 0
        },
        "http_req_duration": {
            "avg": 2113.3122489111456,
            "max": 60032.272259,
            "med": 197.2414675,
            "min": 1.971366,
            "p(90)": 4855.535826300002,
            "p(95)": 11763.63580719997,
            "thresholds": {
                "p(50)<400": false,
                "p(95)<800": true,
                "p(99)<1000": true
            }
        },
        "http_req_duration{expected_response:true}": {
            "avg": 2091.6161099026067,
            "max": 57924.689451,
            "med": 197.069892,
            "min": 1.971366,
            "p(90)": 4826.7201274,
            "p(95)": 11663.3761096
        },
        "http_req_failed": {
            "fails": 61369,
            "passes": 23,
            "thresholds": {
                "rate<0.01": false
            },
            "value": 0.00037464164712014593
        },
        "http_req_receiving": {
            "avg": 6.605932970696533,
            "max": 258.97389,
            "med": 0.1889425,
            "min": 0,
            "p(90)": 1.5048176000000004,
            "p(95)": 4.787005399999996
        },
        "http_req_sending": {
            "avg": 63.552574761434805,
            "max": 15695.203469,
            "med": 0.021296,
            "min": 0.006218,
            "p(90)": 0.04486080000000002,
            "p(95)": 0.08784654999999983
        },
        "http_req_tls_handshaking": {
            "avg": 0,
            "max": 0,
            "med": 0,
            "min": 0,
            "p(90)": 0,
            "p(95)": 0
        },
        "http_req_waiting": {
            "avg": 2043.1537411790214,
            "max": 54907.373664,
            "med": 180.01480500000002,
            "min": 1.83014,
            "p(90)": 4689.3986325000005,
            "p(95)": 11214.845752149999
        },
        "http_reqs": {
            "count": 61392,
            "rate": 227.18660347700165
        },
        "iteration_duration": {
            "avg": 3115.461188183231,
            "max": 61050.729917,
            "med": 1199.7622365,
            "min": 1002.224376,
            "p(90)": 5858.244970000005,
            "p(95)": 12765.613842749966
        },
        "iterations": {
            "count": 61392,
            "rate": 227.18660347700165
        },
        "success_rate": {
            "fails": 23,
            "passes": 61369,
            "thresholds": {
                "rate>0.99": false
            },
            "value": 0.9996253583528798
        },
        "vus": {
            "max": 2497,
            "min": 0,
            "value": 562
        },
        "vus_max": {
            "max": 2500,
            "min": 710,
            "value": 2500
        }
    },
    "root_group": {
        "checks": {
            "200 OK": {
                "fails": 23,
                "id": "e9654c443eff553da9e69eda7007924e",
                "name": "200 OK",
                "passes": 61369,
                "path": "::200 OK"
            }
        },
        "groups": {},
        "id": "d41d8cd98f00b204e9800998ecf8427e",
        "name": "",
        "path": ""
    }
}
