{
    "metrics": {
        "checks": {
            "fails": 1129,
            "passes": 16317,
            "value": 0.9352860254499599
        },
        "data_received": {
            "count": 2111338215,
            "rate": 31860725.124178186
        },
        "data_sent": {
            "count": 1457314,
            "rate": 21991.304114019746
        },
        "event_list_latency": {
            "avg": 8813.41138977261,
            "max": 60111.152843,
            "med": 1934.5915765,
            "min": 10.635403,
            "p(90)": 29119.306593,
            "p(95)": 58928.27070975
        },
        "http_req_blocked": {
            "avg": 90.33232371145226,
            "max": 1778.35872,
            "med": 0.008303,
            "min": 0.003086,
            "p(90)": 300.499414,
            "p(95)": 772.0522195000001
        },
        "http_req_connecting": {
            "avg": 88.58233122606887,
            "max": 1778.285805,
            "med": 0,
            "min": 0,
            "p(90)": 295.66991299999995,
            "p(95)": 765.4261202499999
        },
        "http_req_duration": {
            "avg": 8813.411389772615,
            "max": 60111.152843,
            "med": 1934.5915765,
            "min": 10.635403,
            "p(90)": 29119.306593,
            "p(95)": 58928.27070975,
            "thresholds": {
                "p(50)<400": true,
                "p(95)<800": true,
                "p(99)<1000": true
            }
        },
        "http_req_duration{expected_response:true}": {
            "avg": 5326.358358941146,
            "max": 59524.379559,
            "med": 1726.782714,
            "min": 10.635403,
            "p(90)": 13595.876136399998,
            "p(95)": 23258.09796419999
        },
        "http_req_failed": {
            "fails": 16317,
            "passes": 1129,
            "thresholds": {
                "rate<0.01": true
            },
            "value": 0.06471397455004012
        },
        "http_req_receiving": {
            "avg": 8.301488851484553,
            "max": 349.389663,
            "med": 0.236756,
            "min": 0,
            "p(90)": 3.5332855,
            "p(95)": 9.7542975
        },
        "http_req_sending": {
            "avg": 48.29561540312966,
            "max": 5898.412022,
            "med": 0.022835,
            "min": 0.008225,
            "p(90)": 17.1935615,
            "p(95)": 117.25750375
        },
        "http_req_tls_handshaking": {
            "avg": 0,
            "max": 0,
            "med": 0,
            "min": 0,
            "p(90)": 0,
            "p(95)": 0
        },
        "http_req_waiting": {
            "avg": 8756.814285518012,
            "max": 60101.317168,
            "med": 1925.8008735,
            "min": 10.320032,
            "p(90)": 29103.0832115,
            "p(95)": 58814.5674
        },
        "http_reqs": {
            "count": 17446,
            "rate": 263.2653577562478
        },
        "iteration_duration": {
            "avg": 9968.510626981484,
            "max": 62847.014113,
            "med": 2941.8096130000004,
            "min": 1013.596583,
            "p(90)": 30353.4366505,
            "p(95)": 61495.1315115
        },
        "iterations": {
            "count": 17446,
            "rate": 263.2653577562478
        },
        "success_rate": {
            "fails": 1129,
            "passes": 16317,
            "thresholds": {
                "rate>0.99": true
            },
            "value": 0.9352860254499599
        },
        "vus": {
            "max": 2800,
            "min": 0,
            "value": 112
        },
        "vus_max": {
            "max": 2800,
            "min": 2484,
            "value": 2800
        }
    },
    "root_group": {
        "checks": {
            "200 OK": {
                "fails": 1129,
                "id": "e9654c443eff553da9e69eda7007924e",
                "name": "200 OK",
                "passes": 16317,
                "path": "::200 OK"
            }
        },
        "groups": {},
        "id": "d41d8cd98f00b204e9800998ecf8427e",
        "name": "",
        "path": ""
    }
}
