{
    "metrics": {
        "checks": {
            "fails": 885,
            "passes": 20367,
            "value": 0.9583568605307736
        },
        "data_received": {
            "count": 2635396632,
            "rate": 37638346.30387393
        },
        "data_sent": {
            "count": 1820439,
            "rate": 25999.241508887968
        },
        "event_list_latency": {
            "avg": 6564.67096093996,
            "max": 57965.173973,
            "med": 1087.385234,
            "min": 7.442635,
            "p(90)": 17634.964885700003,
            "p(95)": 33619.282913400006
        },
        "http_req_blocked": {
            "avg": 245.74081092579482,
            "max": 3159.327954,
            "med": 0.0084675,
            "min": 0.002751,
            "p(90)": 2051.3428354000002,
            "p(95)": 2090.89148975
        },
        "http_req_connecting": {
            "avg": 245.28065543901744,
            "max": 3137.2511,
            "med": 0,
            "min": 0,
            "p(90)": 2050.6344051,
            "p(95)": 2089.4522094
        },
        "http_req_duration": {
            "avg": 6564.67096093996,
            "max": 57965.173973,
            "med": 1087.385234,
            "min": 7.442635,
            "p(90)": 17634.964885700003,
            "p(95)": 33619.282913400006,
            "thresholds": {
                "p(50)<400": true,
                "p(95)<800": true,
                "p(99)<1000": true
            }
        },
        "http_req_duration{expected_response:true}": {
            "avg": 4401.903089101846,
            "max": 57904.30659,
            "med": 1047.769087,
            "min": 7.442635,
            "p(90)": 12910.400858400006,
            "p(95)": 18461.6070116
        },
        "http_req_failed": {
            "fails": 20367,
            "passes": 885,
            "thresholds": {
                "rate<0.01": true
            },
            "value": 0.041643139469226424
        },
        "http_req_receiving": {
            "avg": 4.707127599520037,
            "max": 611.814639,
            "med": 0.292149,
            "min": 0,
            "p(90)": 1.4907806000000026,
            "p(95)": 3.3270765000000053
        },
        "http_req_sending": {
            "avg": 78.45476469894594,
            "max": 16263.947783,
            "med": 0.025974,
            "min": 0.007171,
            "p(90)": 5.858594000000006,
            "p(95)": 20.177111600000146
        },
        "http_req_tls_handshaking": {
            "avg": 0,
            "max": 0,
            "med": 0,
            "min": 0,
            "p(90)": 0,
            "p(95)": 0
        },
        "http_req_waiting": {
            "avg": 6481.509068641494,
            "max": 57963.857404,
            "med": 1084.7548775,
            "min": 7.256271,
            "p(90)": 17471.84451000001,
            "p(95)": 28438.07722875002
        },
        "http_reqs": {
            "count": 21252,
            "rate": 303.51793196415105
        },
        "iteration_duration": {
            "avg": 7816.767094751881,
            "max": 61071.718888,
            "med": 2088.750904,
            "min": 1007.805295,
            "p(90)": 19022.47317600001,
            "p(95)": 34620.98687370001
        },
        "iterations": {
            "count": 21252,
            "rate": 303.51793196415105
        },
        "success_rate": {
            "fails": 885,
            "passes": 20367,
            "thresholds": {
                "rate>0.99": true
            },
            "value": 0.9583568605307736
        },
        "vus": {
            "max": 2800,
            "min": 0,
            "value": 429
        },
        "vus_max": {
            "max": 2800,
            "min": 1471,
            "value": 2800
        }
    },
    "root_group": {
        "checks": {
            "200 OK": {
                "fails": 885,
                "id": "e9654c443eff553da9e69eda7007924e",
                "name": "200 OK",
                "passes": 20367,
                "path": "::200 OK"
            }
        },
        "groups": {},
        "id": "d41d8cd98f00b204e9800998ecf8427e",
        "name": "",
        "path": ""
    }
}
