{
    "metrics": {
        "checks": {
            "fails": 115,
            "passes": 13680,
            "value": 0.9916636462486408
        },
        "data_received": {
            "count": 1771501904,
            "rate": 25272325.089420862
        },
        "data_sent": {
            "count": 1193457,
            "rate": 17025.910734920075
        },
        "event_list_latency": {
            "avg": 11621.10554911775,
            "max": 59908.290366,
            "med": 4748.888799,
            "min": 146.632565,
            "p(90)": 44512.11639,
            "p(95)": 53010.492000499995
        },
        "http_req_blocked": {
            "avg": 57.963471136643996,
            "max": 1859.756208,
            "med": 0.008751,
            "min": 0.003065,
            "p(90)": 285.08467240000004,
            "p(95)": 323.4525906999999
        },
        "http_req_connecting": {
            "avg": 53.637817070097825,
            "max": 467.403562,
            "med": 0,
            "min": 0,
            "p(90)": 281.6537592,
            "p(95)": 322.26844619999997
        },
        "http_req_duration": {
            "avg": 11621.105549117756,
            "max": 59908.290366,
            "med": 4748.888799,
            "min": 146.632565,
            "p(90)": 44512.11639,
            "p(95)": 53010.492000499995,
            "thresholds": {
                "p(50)<400": true,
                "p(95)<800": true,
                "p(99)<1000": true
            }
        },
        "http_req_duration{expected_response:true}": {
            "avg": 11215.592075044886,
            "max": 59827.098672,
            "med": 4708.6684395,
            "min": 146.632565,
            "p(90)": 43483.56988170001,
            "p(95)": 52352.5395285
        },
        "http_req_failed": {
            "fails": 13680,
            "passes": 115,
            "thresholds": {
                "rate<0.01": false
            },
            "value": 0.008336353751359188
        },
        "http_req_receiving": {
            "avg": 15.228467427038794,
            "max": 3207.850438,
            "med": 0.344016,
            "min": 0,
            "p(90)": 9.6770676,
            "p(95)": 201.79785449999997
        },
        "http_req_sending": {
            "avg": 256.0259388057271,
            "max": 11535.977029,
            "med": 0.026285,
            "min": 0.007744,
            "p(90)": 47.9852794,
            "p(95)": 114.35493439999999
        },
        "http_req_tls_handshaking": {
            "avg": 0,
            "max": 0,
            "med": 0,
            "min": 0,
            "p(90)": 0,
            "p(95)": 0
        },
        "http_req_waiting": {
            "avg": 11349.851142884925,
            "max": 59904.660016,
            "med": 4723.581106,
            "min": 138.840204,
            "p(90)": 35844.77525,
            "p(95)": 52990.128335299996
        },
        "http_reqs": {
            "count": 13795,
            "rate": 196.80008461823294
        },
        "iteration_duration": {
            "avg": 12667.599614386585,
            "max": 61108.542666,
            "med": 5723.209256,
            "min": 1427.782132,
            "p(90)": 45726.6070206,
            "p(95)": 54278.761667249986
        },
        "iterations": {
            "count": 13692,
            "rate": 195.33068202920228
        },
        "success_rate": {
            "fails": 115,
            "passes": 13680,
            "thresholds": {
                "rate>0.99": false
            },
            "value": 0.9916636462486408
        },
        "vus": {
            "max": 2800,
            "min": 338,
            "value": 338
        },
        "vus_max": {
            "max": 2800,
            "min": 2800,
            "value": 2800
        }
    },
    "root_group": {
        "checks": {
            "200 OK": {
                "fails": 115,
                "id": "e9654c443eff553da9e69eda7007924e",
                "name": "200 OK",
                "passes": 13680,
                "path": "::200 OK"
            }
        },
        "groups": {},
        "id": "d41d8cd98f00b204e9800998ecf8427e",
        "name": "",
        "path": ""
    }
}
