{
    "metrics": {
        "checks": {
            "fails": 958,
            "passes": 19784,
            "value": 0.9538135184649503
        },
        "data_received": {
            "count": 2559950680,
            "rate": 36543039.2565691
        },
        "data_sent": {
            "count": 1788318,
            "rate": 25528.06012545099
        },
        "event_list_latency": {
            "avg": 6702.996074430187,
            "max": 60333.183592,
            "med": 781.9592075,
            "min": 5.029189,
            "p(90)": 20300.073390800007,
            "p(95)": 48637.83295750807
        },
        "http_req_blocked": {
            "avg": 11.340776559830337,
            "max": 729.761469,
            "med": 0.00864,
            "min": 0.002944,
            "p(90)": 1.6088694000000294,
            "p(95)": 71.9015814
        },
        "http_req_connecting": {
            "avg": 10.694508316700432,
            "max": 466.535489,
            "med": 0,
            "min": 0,
            "p(90)": 0.853318500000008,
            "p(95)": 70.1433378000001
        },
        "http_req_duration": {
            "avg": 6702.996074430187,
            "max": 60333.183592,
            "med": 781.9592075,
            "min": 5.029189,
            "p(90)": 20300.073390800007,
            "p(95)": 48637.83295750807,
            "thresholds": {
                "p(50)<400": true,
                "p(95)<800": true,
                "p(99)<1000": true
            }
        },
        "http_req_duration{expected_response:true}": {
            "avg": 4115.825629545488,
            "max": 59925.615408,
            "med": 756.0188025,
            "min": 5.029189,
            "p(90)": 12277.68944970001,
            "p(95)": 21555.591515349995
        },
        "http_req_failed": {
            "fails": 19784,
            "passes": 958,
            "thresholds": {
                "rate<0.01": true
            },
            "value": 0.04618648153504966
        },
        "http_req_receiving": {
            "avg": 5.558773685806623,
            "max": 858.313442,
            "med": 0.29460600000000003,
            "min": 0,
            "p(90)": 1.7479688000000018,
            "p(95)": 4.012656650000001
        },
        "http_req_sending": {
            "avg": 138.5390432628483,
            "max": 13469.866305,
            "med": 0.0253925,
            "min": 0.00694,
            "p(90)": 1.085896400000016,
            "p(95)": 23.55887220000002
        },
        "http_req_tls_handshaking": {
            "avg": 0,
            "max": 0,
            "med": 0,
            "min": 0,
            "p(90)": 0,
            "p(95)": 0
        },
        "http_req_waiting": {
            "avg": 6558.898257481527,
            "max": 60333.064804,
            "med": 778.1606664999999,
            "min": 4.182099,
            "p(90)": 19482.690295600005,
            "p(95)": 48622.03721625829
        },
        "http_reqs": {
            "count": 20742,
            "rate": 296.08997008479724
        },
        "iteration_duration": {
            "avg": 7725.114214257834,
            "max": 61544.935748,
            "med": 1783.4341180000001,
            "min": 1008.233832,
            "p(90)": 21308.41948040001,
            "p(95)": 49640.51984485806
        },
        "iterations": {
            "count": 20742,
            "rate": 296.08997008479724
        },
        "success_rate": {
            "fails": 958,
            "passes": 19784,
            "thresholds": {
                "rate>0.99": true
            },
            "value": 0.9538135184649503
        },
        "vus": {
            "max": 2800,
            "min": 0,
            "value": 412
        },
        "vus_max": {
            "max": 2800,
            "min": 986,
            "value": 2800
        }
    },
    "root_group": {
        "checks": {
            "200 OK": {
                "fails": 958,
                "id": "e9654c443eff553da9e69eda7007924e",
                "name": "200 OK",
                "passes": 19784,
                "path": "::200 OK"
            }
        },
        "groups": {},
        "id": "d41d8cd98f00b204e9800998ecf8427e",
        "name": "",
        "path": ""
    }
}
