{
    "metrics": {
        "checks": {
            "fails": 2,
            "passes": 16907,
            "value": 0.9998817197941925
        },
        "data_received": {
            "count": 2187681265,
            "rate": 31242105.21407963
        },
        "data_sent": {
            "count": 1452334,
            "rate": 20740.668377934446
        },
        "event_list_latency": {
            "avg": 9227.63196812798,
            "max": 59501.462215,
            "med": 2611.451539,
            "min": 12.575374,
            "p(90)": 29861.281575800003,
            "p(95)": 47091.34965319998
        },
        "http_req_blocked": {
            "avg": 75.97239256005719,
            "max": 1486.835993,
            "med": 0.00918,
            "min": 0.00291,
            "p(90)": 373.2878772,
            "p(95)": 536.5566663999997
        },
        "http_req_connecting": {
            "avg": 64.6151895935892,
            "max": 1486.719053,
            "med": 0,
            "min": 0,
            "p(90)": 327.8242356000001,
            "p(95)": 526.0075113999999
        },
        "http_req_duration": {
            "avg": 9227.63196812798,
            "max": 59501.462215,
            "med": 2611.451539,
            "min": 12.575374,
            "p(90)": 29861.281575800003,
            "p(95)": 47091.34965319998,
            "thresholds": {
                "p(50)<400": true,
                "p(95)<800": true,
                "p(99)<1000": true
            }
        },
        "http_req_duration{expected_response:true}": {
            "avg": 9221.715376577631,
            "max": 59501.462215,
            "med": 2610.58731,
            "min": 12.575374,
            "p(90)": 29856.5418032,
            "p(95)": 47072.05955429999
        },
        "http_req_failed": {
            "fails": 16907,
            "passes": 2,
            "thresholds": {
                "rate<0.01": false
            },
            "value": 0.0001182802058075581
        },
        "http_req_receiving": {
            "avg": 12.594952043231464,
            "max": 900.601201,
            "med": 0.290507,
            "min": 0,
            "p(90)": 5.478275600000007,
            "p(95)": 199.1341864
        },
        "http_req_sending": {
            "avg": 207.31413754574572,
            "max": 8927.206999,
            "med": 0.026863,
            "min": 0.007438,
            "p(90)": 47.67788980000001,
            "p(95)": 133.89183399999996
        },
        "http_req_tls_handshaking": {
            "avg": 0,
            "max": 0,
            "med": 0,
            "min": 0,
            "p(90)": 0,
            "p(95)": 0
        },
        "http_req_waiting": {
            "avg": 9007.722878539003,
            "max": 59500.671699,
            "med": 2538.311695,
            "min": 12.275381,
            "p(90)": 29579.193594800017,
            "p(95)": 47048.13391119998
        },
        "http_reqs": {
            "count": 16909,
            "rate": 241.47610783917028
        },
        "iteration_duration": {
            "avg": 10059.429621396812,
            "max": 61818.469046,
            "med": 3594.694976,
            "min": 1014.461335,
            "p(90)": 30888.5086174,
            "p(95)": 48860.29921489999
        },
        "iterations": {
            "count": 16699,
            "rate": 238.47711424722365
        },
        "success_rate": {
            "fails": 2,
            "passes": 16907,
            "thresholds": {
                "rate>0.99": false
            },
            "value": 0.9998817197941925
        },
        "vus": {
            "max": 2800,
            "min": 0,
            "value": 432
        },
        "vus_max": {
            "max": 2800,
            "min": 586,
            "value": 2800
        }
    },
    "root_group": {
        "checks": {
            "200 OK": {
                "fails": 2,
                "id": "e9654c443eff553da9e69eda7007924e",
                "name": "200 OK",
                "passes": 16907,
                "path": "::200 OK"
            }
        },
        "groups": {},
        "id": "d41d8cd98f00b204e9800998ecf8427e",
        "name": "",
        "path": ""
    }
}
