{
    "metrics": {
        "checks": {
            "fails": 400,
            "passes": 52034,
            "value": 0.9923713620932982
        },
        "data_received": {
            "count": 6733197225,
            "rate": 24899187.29369414
        },
        "data_sent": {
            "count": 4617456,
            "rate": 17075.2315612427
        },
        "event_latency_ms": {
            "avg": 4719.801939562128,
            "max": 56871.275224,
            "med": 862.8317529999999,
            "min": 2.122762,
            "p(90)": 14051.091380700012,
            "p(95)": 26658.020118399992
        },
        "http_req_blocked": {
            "avg": 19.338070318266833,
            "max": 4148.122838,
            "med": 0.007841,
            "min": 0.002486,
            "p(90)": 0.18117380000000036,
            "p(95)": 0.8926377499999998
        },
        "http_req_connecting": {
            "avg": 12.527759141225177,
            "max": 4139.291415,
            "med": 0,
            "min": 0,
            "p(90)": 0,
            "p(95)": 0.22190839999999995
        },
        "http_req_duration": {
            "avg": 4719.801939562128,
            "max": 56871.275224,
            "med": 862.8317529999999,
            "min": 2.122762,
            "p(90)": 14051.091380700012,
            "p(95)": 26658.020118399992,
            "thresholds": {
                "p(50)<400": true,
                "p(95)<800": true,
                "p(99)<1000": true
            }
        },
        "http_req_duration{expected_response:true}": {
            "avg": 4412.899234038893,
            "max": 56871.275224,
            "med": 829.939261,
            "min": 2.122762,
            "p(90)": 13390.5054674,
            "p(95)": 23034.57594434999
        },
        "http_req_failed": {
            "fails": 52034,
            "passes": 400,
            "thresholds": {
                "rate<0.01": false
            },
            "value": 0.0076286379067017586
        },
        "http_req_receiving": {
            "avg": 11.372966190143785,
            "max": 1413.069885,
            "med": 0.207511,
            "min": 0.043269,
            "p(90)": 3.5347085000000007,
            "p(95)": 25.560184099999958
        },
        "http_req_sending": {
            "avg": 172.0441559747676,
            "max": 13360.974241,
            "med": 0.022531,
            "min": 0.00707,
            "p(90)": 0.1043281000000001,
            "p(95)": 0.5660578499999985
        },
        "http_req_tls_handshaking": {
            "avg": 0,
            "max": 0,
            "med": 0,
            "min": 0,
            "p(90)": 0,
            "p(95)": 0
        },
        "http_req_waiting": {
            "avg": 4536.384817397211,
            "max": 56831.152304,
            "med": 835.644779,
            "min": 1.975395,
            "p(90)": 12897.28974070002,
            "p(95)": 24666.385710849958
        },
        "http_reqs": {
            "count": 52434,
            "rate": 193.89956107479958
        },
        "iteration_duration": {
            "avg": 5688.152562252248,
            "max": 57102.229003,
            "med": 1865.031715,
            "min": 1002.502396,
            "p(90)": 14964.342518999996,
            "p(95)": 26420.99577604983
        },
        "iterations": {
            "count": 52370,
            "rate": 193.66289074812627
        },
        "success_rate": {
            "fails": 400,
            "passes": 52034,
            "thresholds": {
                "rate>0.99": false
            },
            "value": 0.9923713620932982
        },
        "vus": {
            "max": 4999,
            "min": 0,
            "value": 0
        },
        "vus_max": {
            "max": 5000,
            "min": 1859,
            "value": 5000
        }
    },
    "root_group": {
        "checks": {
            "200 OK": {
                "fails": 400,
                "id": "e9654c443eff553da9e69eda7007924e",
                "name": "200 OK",
                "passes": 52034,
                "path": "::200 OK"
            }
        },
        "groups": {},
        "id": "d41d8cd98f00b204e9800998ecf8427e",
        "name": "",
        "path": ""
    }
}
