{
    "metrics": {
        "checks": {
            "fails": 0,
            "passes": 57884,
            "value": 1
        },
        "data_received": {
            "count": 7489900180,
            "rate": 29872640.894417703
        },
        "data_sent": {
            "count": 4927295,
            "rate": 19651.972733748753
        },
        "event_latency_ms": {
            "avg": 4112.462550143265,
            "max": 42608.300428,
            "med": 682.497356,
            "min": 2.192491,
            "p(90)": 15617.872969799999,
            "p(95)": 20220.083739199992
        },
        "http_req_blocked": {
            "avg": 28.59877703947553,
            "max": 5166.759449,
            "med": 0.007806,
            "min": 0.002693,
            "p(90)": 0.2712101,
            "p(95)": 0.8746695999999999
        },
        "http_req_connecting": {
            "avg": 25.197738752055816,
            "max": 5166.646955,
            "med": 0,
            "min": 0,
            "p(90)": 0,
            "p(95)": 0.24063979999999952
        },
        "http_req_duration": {
            "avg": 4112.462550143265,
            "max": 42608.300428,
            "med": 682.497356,
            "min": 2.192491,
            "p(90)": 15617.872969799999,
            "p(95)": 20220.083739199992,
            "thresholds": {
                "p(50)<400": true,
                "p(95)<800": true,
                "p(99)<1000": true
            }
        },
        "http_req_duration{expected_response:true}": {
            "avg": 4112.462550143265,
            "max": 42608.300428,
            "med": 682.497356,
            "min": 2.192491,
            "p(90)": 15617.872969799999,
            "p(95)": 20220.083739199992
        },
        "http_req_failed": {
            "fails": 57884,
            "passes": 0,
            "thresholds": {
                "rate<0.01": false
            },
            "value": 0
        },
        "http_req_receiving": {
            "avg": 8.580710098161811,
            "max": 370.480071,
            "med": 0.194574,
            "min": 0.053513,
            "p(90)": 2.5840019000000054,
            "p(95)": 9.881306599999997
        },
        "http_req_sending": {
            "avg": 177.08473361583515,
            "max": 11054.333932,
            "med": 0.023169,
            "min": 0.006659,
            "p(90)": 0.08227020000000007,
            "p(95)": 0.3952349999999999
        },
        "http_req_tls_handshaking": {
            "avg": 0,
            "max": 0,
            "med": 0,
            "min": 0,
            "p(90)": 0,
            "p(95)": 0
        },
        "http_req_waiting": {
            "avg": 3926.7971064292833,
            "max": 42607.968246,
            "med": 671.762654,
            "min": 2.036012,
            "p(90)": 15440.4158834,
            "p(95)": 19231.844609299995
        },
        "http_reqs": {
            "count": 57884,
            "rate": 230.86395065047105
        },
        "iteration_duration": {
            "avg": 5141.005320947501,
            "max": 43610.321055,
            "med": 1684.2108115,
            "min": 1002.538087,
            "p(90)": 16619.8680667,
            "p(95)": 21222.38609104999
        },
        "iterations": {
            "count": 57884,
            "rate": 230.86395065047105
        },
        "success_rate": {
            "fails": 0,
            "passes": 57884,
            "thresholds": {
                "rate>0.99": false
            },
            "value": 1
        },
        "vus": {
            "max": 4950,
            "min": 0,
            "value": 70
        },
        "vus_max": {
            "max": 5000,
            "min": 719,
            "value": 5000
        }
    },
    "root_group": {
        "checks": {
            "200 OK": {
                "fails": 0,
                "id": "e9654c443eff553da9e69eda7007924e",
                "name": "200 OK",
                "passes": 57884,
                "path": "::200 OK"
            }
        },
        "groups": {},
        "id": "d41d8cd98f00b204e9800998ecf8427e",
        "name": "",
        "path": ""
    }
}
