{
    "metrics": {
        "checks": {
            "fails": 0,
            "passes": 68603,
            "value": 1
        },
        "data_received": {
            "count": 8876885185,
            "rate": 35706147.59825834
        },
        "data_sent": {
            "count": 5781780,
            "rate": 23256.478568575527
        },
        "event_latency_ms": {
            "avg": 3269.5761758372028,
            "max": 42562.01593,
            "med": 848.494145,
            "min": 2.157962,
            "p(90)": 11163.022465400001,
            "p(95)": 17870.139516399995
        },
        "http_req_blocked": {
            "avg": 2.4090557620512216,
            "max": 2096.745341,
            "med": 0.007371,
            "min": 0.002112,
            "p(90)": 0.0241898,
            "p(95)": 0.34085449999999934
        },
        "http_req_connecting": {
            "avg": 2.2725257719487475,
            "max": 2096.676059,
            "med": 0,
            "min": 0,
            "p(90)": 0,
            "p(95)": 0.19809189999999993
        },
        "http_req_duration": {
            "avg": 3269.5761758372028,
            "max": 42562.01593,
            "med": 848.494145,
            "min": 2.157962,
            "p(90)": 11163.022465400001,
            "p(95)": 17870.139516399995,
            "thresholds": {
                "p(50)<400": true,
                "p(95)<800": true,
                "p(99)<1000": true
            }
        },
        "http_req_duration{expected_response:true}": {
            "avg": 3269.5761758372028,
            "max": 42562.01593,
            "med": 848.494145,
            "min": 2.157962,
            "p(90)": 11163.022465400001,
            "p(95)": 17870.139516399995
        },
        "http_req_failed": {
            "fails": 68603,
            "passes": 0,
            "thresholds": {
                "rate<0.01": false
            },
            "value": 0
        },
        "http_req_receiving": {
            "avg": 6.7668127563955025,
            "max": 303.069858,
            "med": 0.18634,
            "min": 0.049166,
            "p(90)": 1.6851506000000003,
            "p(95)": 5.12057719999999
        },
        "http_req_sending": {
            "avg": 95.25630867170536,
            "max": 11865.567728,
            "med": 0.021005,
            "min": 0.006098,
            "p(90)": 0.0574398,
            "p(95)": 0.1154588
        },
        "http_req_tls_handshaking": {
            "avg": 0,
            "max": 0,
            "med": 0,
            "min": 0,
            "p(90)": 0,
            "p(95)": 0
        },
        "http_req_waiting": {
            "avg": 3167.5530544090966,
            "max": 42561.453512,
            "med": 835.28671,
            "min": 2.012891,
            "p(90)": 11038.986328800003,
            "p(95)": 17761.473636699997
        },
        "http_reqs": {
            "count": 68603,
            "rate": 275.9468881970582
        },
        "iteration_duration": {
            "avg": 4274.20123779117,
            "max": 43564.365682,
            "med": 1850.104134,
            "min": 1002.440016,
            "p(90)": 12165.436998400006,
            "p(95)": 18870.970507599995
        },
        "iterations": {
            "count": 68603,
            "rate": 275.9468881970582
        },
        "success_rate": {
            "fails": 0,
            "passes": 68603,
            "thresholds": {
                "rate>0.99": false
            },
            "value": 1
        },
        "vus": {
            "max": 4963,
            "min": 0,
            "value": 567
        },
        "vus_max": {
            "max": 5000,
            "min": 3509,
            "value": 5000
        }
    },
    "root_group": {
        "checks": {
            "200 OK": {
                "fails": 0,
                "id": "e9654c443eff553da9e69eda7007924e",
                "name": "200 OK",
                "passes": 68603,
                "path": "::200 OK"
            }
        },
        "groups": {},
        "id": "d41d8cd98f00b204e9800998ecf8427e",
        "name": "",
        "path": ""
    }
}
