{
    "metrics": {
        "checks": {
            "fails": 0,
            "passes": 49316,
            "value": 1
        },
        "data_received": {
            "count": 6381243820,
            "rate": 25463304.121864952
        },
        "data_sent": {
            "count": 4215072,
            "rate": 16819.551682881403
        },
        "event_latency_ms": {
            "avg": 5005.56693970484,
            "max": 42532.23066,
            "med": 1572.775296,
            "min": 2.2454,
            "p(90)": 16271.438473999999,
            "p(95)": 22756.34280925
        },
        "http_req_blocked": {
            "avg": 11.203022685700375,
            "max": 3119.901104,
            "med": 0.007884,
            "min": 0.002281,
            "p(90)": 0.3040635,
            "p(95)": 0.99283375
        },
        "http_req_connecting": {
            "avg": 10.958351720354473,
            "max": 3119.800989,
            "med": 0,
            "min": 0,
            "p(90)": 0.15046199999999998,
            "p(95)": 0.27363075000000003
        },
        "http_req_duration": {
            "avg": 5005.56693970484,
            "max": 42532.23066,
            "med": 1572.775296,
            "min": 2.2454,
            "p(90)": 16271.438473999999,
            "p(95)": 22756.34280925,
            "thresholds": {
                "p(50)<400": true,
                "p(95)<800": true,
                "p(99)<1000": true
            }
        },
        "http_req_duration{expected_response:true}": {
            "avg": 5005.56693970484,
            "max": 42532.23066,
            "med": 1572.775296,
            "min": 2.2454,
            "p(90)": 16271.438473999999,
            "p(95)": 22756.34280925
        },
        "http_req_failed": {
            "fails": 49316,
            "passes": 0,
            "thresholds": {
                "rate<0.01": false
            },
            "value": 0
        },
        "http_req_receiving": {
            "avg": 10.803247991463323,
            "max": 370.90574,
            "med": 0.209648,
            "min": 0.050388,
            "p(90)": 3.5750954999999998,
            "p(95)": 27.138120999999998
        },
        "http_req_sending": {
            "avg": 195.31776990861027,
            "max": 13434.701943,
            "med": 0.022787,
            "min": 0.006364,
            "p(90)": 0.0949175,
            "p(95)": 0.44013800000000003
        },
        "http_req_tls_handshaking": {
            "avg": 0,
            "max": 0,
            "med": 0,
            "min": 0,
            "p(90)": 0,
            "p(95)": 0
        },
        "http_req_waiting": {
            "avg": 4799.445921804779,
            "max": 36716.113717,
            "med": 1471.050456,
            "min": 2.10534,
            "p(90)": 15880.8219205,
            "p(95)": 22060.52463025
        },
        "http_reqs": {
            "count": 49316,
            "rate": 196.7873883988172
        },
        "iteration_duration": {
            "avg": 6020.160090112583,
            "max": 43534.173334,
            "med": 2576.313815,
            "min": 1002.611484,
            "p(90)": 17281.4997265,
            "p(95)": 23758.811922
        },
        "iterations": {
            "count": 49316,
            "rate": 196.7873883988172
        },
        "success_rate": {
            "fails": 0,
            "passes": 49316,
            "thresholds": {
                "rate>0.99": false
            },
            "value": 1
        },
        "vus": {
            "max": 4939,
            "min": 0,
            "value": 49
        },
        "vus_max": {
            "max": 5000,
            "min": 1733,
            "value": 5000
        }
    },
    "root_group": {
        "checks": {
            "200 OK": {
                "fails": 0,
                "id": "e9654c443eff553da9e69eda7007924e",
                "name": "200 OK",
                "passes": 49316,
                "path": "::200 OK"
            }
        },
        "groups": {},
        "id": "d41d8cd98f00b204e9800998ecf8427e",
        "name": "",
        "path": ""
    }
}
